"Series Code","Topic","Indicator Name","Short definition","Long definition","Unit of measure","Periodicity","Base Period","Other notes","Aggregation method","Limitations and exceptions","Notes from original source","General comments","Source","Statistical concept and methodology","Development relevance","Related source links","Other web links","Related indicators","License Type",
"GFDD.AI.01","Access","Bank accounts per 1,000 adults","Number of depositors with commercial banks per 1,000 adults.","For each country calculated as: 1,000*reported number of depositors/adult population in the reporting country.","","","","","","","","","Financial Access Survey (FAS), International Monetary Fund (IMF)","","","","","","",
"GFDD.AI.02","Access","Bank branches per 100,000 adults","Number of commercial bank branches per 100,000 adults.","For each country calculated as: 100,000*reported number of commercial bank branches/adult population in the reporting country.","","","","","","","","","Financial Access Survey (FAS), International Monetary Fund (IMF)","","","","","","",
"GFDD.AI.03","Access","Firms with a bank loan or line of credit (%)","Percentage of firms in the formal sector with a line of credit or a loan from a financial institution.","Percentage of firms in the formal sector with a line of credit or a loan from a formal financial institution, such as a bank, credit union, microfinance institution, or cooperative.","","","","","","","","","Enterprise Surveys, World Bank","","","","","","",
"GFDD.AI.04","Access","Small firms with a bank loan or line of credit (%)","Percentage of small firms (5-19 workers) in the formal sector with a line of credit or a loan from a financial institution.","Percentage of small firms (5-19 workers) in the formal sector with a line of credit or a loan from a (formal) financial institution, such as a bank, credit union, microfinance institution, or cooperative.","","","","","","","","","Enterprise Surveys, World Bank","","","","","","",
"GFDD.AI.05","Access","Financial institution account (% age 15+)","The percentage of respondents with an account (self or together with someone else) at a bank, credit union, another financial institution (e.g., cooperative, microfinance institution), or the post office (if applicable) including respondents who reported having a debit card (% age 15+).","The percentage of respondents with an account (self or together with someone else) at a bank, credit union, another financial institution (e.g., cooperative, microfinance institution), or the post office (if applicable) including respondents who reported having a debit card (% age 15+). The values correspond to Global Findex variable fin1_t_a.","","","","","","","","","Global Financial Inclusion (Global Findex) Database, World Bank","","","","","","",
"GFDD.AI.06","Access","Saved at a financial institution (% age 15+)","The percentage of respondents who report saving or setting aside any money by using an account at a formal financial institution such as a bank, credit union, microfinance institution, or cooperative in the past 12 months (% age 15+).","The percentage of respondents who report saving or setting aside any money by using an account at a formal financial institution such as a bank, credit union, microfinance institution, or cooperative in the past 12 months (% age 15+). The values correspond to Global Findex variable fin17a_t_a.","","","","","","","","","Global Financial Inclusion (Global Findex) Database, World Bank","","","","","","",
"GFDD.AI.07","Access","Borrowed from a financial institution (% age 15+)","The percentage of respondents who report borrowing any money from a bank, credit union, microfinance institution, or another financial institution such as a cooperative in the past 12 months (% age 15+).","The percentage of respondents who report borrowing any money from a bank, credit union, microfinance institution, or another financial institution such as a cooperative in the past 12 months (% age 15+). The values correspond to Global Findex variable fin22a_t_a.","","","","","","","","","Global Financial Inclusion (Global Findex) Database, World Bank","","","","","","",
"GFDD.AI.08","Access","Borrowed to start, operate, or expand a farm or business (% age 15+)","The percentage of respondents who report using their accounts at a formal financial institution for farming/business purposes only or for both farming/business purposes and personal transactions (% age 15+).","The percentage of respondents who report using their accounts at a formal financial institution for farming/business purposes only or for both farming/business purposes and personal transactions (% age 15+). The values correspond to Global Findex variable fin21_t_a.","","","","","","","","","Global Financial Inclusion (Global Findex) Database, World Bank","","","","","","",
"GFDD.AI.09","Access","Received government transfers: into a financial institution account (% age 15+)","The percentage of respondents who report using their accounts at a formal financial institution to receive money or payments from the government in the past 12 months (% age 15+).","The percentage of respondents who report using their accounts at a formal financial institution to receive money or payments from the government in the past 12 months (% age 15+). The values correspond to Global Findex variable fin39a_t_a.","","","","","","","","","Global Financial Inclusion (Global Findex) Database, World Bank","","","","","","",
"GFDD.AI.10","Access","Received domestic remittances: through a financial institution (% age 15+)","The percentage of respondents who report using their accounts at a formal financial institution to receive money from family members living elsewhere in the past 12 months (% age 15+).","The percentage of respondents who report using their accounts at a formal financial institution to receive money from family members living elsewhere in the past 12 months (% age 15+). The values correspond to Global Findex variable fin27a_t_a.","","","","","","","","","Global Financial Inclusion (Global Findex) Database, World Bank","","","","","","",
"GFDD.AI.11","Access","Received wages: into a financial institution account (% age 15+)","The percentage of respondents who report using their accounts at a formal financial institution to receive money or payments for work or from selling goods in the past 12 months (% age 15+).","The percentage of respondents who report using their accounts at a formal financial institution to receive money or payments for work or from selling goods in the past 12 months (% age 15+). The values correspond to Global Findex variable fin34a_t_a.","","","","","","","","","Global Financial Inclusion (Global Findex) Database, World Bank","","","","","","",
"GFDD.AI.12","Access","Saved any money in the past year (% age 15+)","The percentage of respondents who report saving or setting aside any money in the past 12 months (% age 15+).","The percentage of respondents who report saving or setting aside any money in the past 12 months (% age 15+). The values correspond to Global Findex variable fin18_t_d.","","","","","","","","","Global Financial Inclusion (Global Findex) Database, World Bank","","","","","","",
"GFDD.AI.13","Access","Saved using a savings club or a person outside the family (% age 15+)","The percentage of respondents who report saving or setting aside any money by using an informal savings club or a person outside the family in the past 12 months (% age 15+).","The percentage of respondents who report saving or setting aside any money by using an informal savings club or a person outside the family in the past 12 months (% age 15+). The values correspond to Global Findex variable fin17b_t_a.","","","","","","","","","Global Financial Inclusion (Global Findex) Database, World Bank","","","","","","",
"GFDD.AI.14","Access","Borrowed any money in the past year (% age 15+)","The percentage of respondents who borrowed any money in the past 12 months from any of the following sources: a formal financial institution, a store by using installment credit, family or friends, employer, or another private lender (% age 15+). (Note that getting a loan does not necessarily require having an account.)","The percentage of respondents who borrowed any money in the past 12 months from any of the following sources: a formal financial institution, a store by using installment credit, family or friends, employer, or another private lender (% age 15+). (Note that getting a loan does not necessarily require having an account.) The variables correspond to Global Findex variable fin23_t_d.","","","","","","","","","Global Financial Inclusion (Global Findex) Database, World Bank","","","","","","",
"GFDD.AI.15","Access","Loan from a private lender in the past year (% age 15+)","The percentage of respondents who report borrowing any money from a private lender in the past 12 months (% age 15+).","The percentage of respondents who report borrowing any money from a private lender in the past 12 months (% age 15+). [Global Findex legacy series]","","","","","","","","","Global Financial Inclusion (Global Findex) Database, World Bank","","","","","","",
"GFDD.AI.16","Access","Loan from an employer in the past year (% age 15+)","The percentage of respondents who report borrowing any money from an employer in the past 12 months (% age 15+).","The percentage of respondents who report borrowing any money from an employer in the past 12 months (% age 15+). [Global Findex legacy series]","","","","","","","","","Global Financial Inclusion (Global Findex) Database, World Bank","","","","","","",
"GFDD.AI.17","Access","Borrowed from a store by buying on credit (% age 15+)","The percentage of respondents who borrowed any money in the past 12 months from a store by using installment credit or buying on credit (% age 15+).","The percentage of respondents who borrowed any money in the past 12 months from a store by using installment credit or buying on credit (% age 15+). The variables correspond to Global Findex variable fin21b_t_14_a.","","","","","","","","","Global Financial Inclusion (Global Findex) Database, World Bank","","","","","","",
"GFDD.AI.18","Access","Borrowed from family or friends (% age 15+)","The percentage of respondents who report borrowing any money from family or friends in the past 12 months (% age 15+).","The percentage of respondents who report borrowing any money from family or friends in the past 12 months (% age 15+). The variables correspond to Global Findex variable fin22b_t_a.","","","","","","","","","Global Financial Inclusion (Global Findex) Database, World Bank","","","","","","",
"GFDD.AI.19","Access","Used checks to make payments in the past year (% age 15+)","The percentage of respondents who used checks in the past 12 months to make payments on bills or to buy things using money from their accounts (% age 15+).","The percentage of respondents who used checks in the past 12 months to make payments on bills or to buy things using money from their accounts (% age 15+). The variables correspond to Global Findex variable fin68a_11_a.","","","","","","","","","Global Financial Inclusion (Global Findex) Database, World Bank","","","","","","",
"GFDD.AI.20","Access","Credit card ownership (% age 15+)","The percentage of respondents with a credit card (% age 15+).","The percentage of respondents with a credit card (% age 15+). The variables correspond to Global Findex variable fin7_t_a.","","","","","","","","","Global Financial Inclusion (Global Findex) Database, World Bank","","","","","","",
"GFDD.AI.21","Access","Debit card ownership (% age 15+)","The percentage of respondents with a debit card (% age 15+).","The percentage of respondents with a debit card (% age 15+). The variables correspond to Global Findex variable fin2_t_a.","","","","","","","","","Global Financial Inclusion (Global Findex) Database, World Bank","","","","","","",
"GFDD.AI.22","Access","Made digital payments in the past year (% age 15+)","The percentage of respondents who used electronic payments (payments that one makes or that are made automatically including wire transfers or payments made online) in the past 12 months to make payments on bills or to buy things using money from their accounts (% age 15+).","The percentage of respondents who used electronic payments (payments that one makes or that are made automatically including wire transfers or payments made online) in the past 12 months to make payments on bills or to buy things using money from their accounts (% age 15+). The variables correspond to Global Findex variable g20_t_made.","","","","","","","","","Global Financial Inclusion (Global Findex) Database, World Bank","","","","","","",
"GFDD.AI.23","Access","Paid utility bills: using a mobile phone (% age 15+)","The percentage of respondents who report using a mobile phone to pay bills in the past 12 months (% age 15+).","The percentage of respondents who report using a mobile phone to pay bills in the past 12 months (% age 15+). The variables correspond to Global Findex variable fin31b_t_a.","","","","","","","","","Global Financial Inclusion (Global Findex) Database, World Bank","","","","","","",
"GFDD.AI.24","Access","Sent domestic remittances: through a mobile phone (% age 15+)","The percentage of respondents who report using a mobile phone to send money in the past 12 months (% age 15+).","The percentage of respondents who report using a mobile phone to send money in the past 12 months (% age 15+). The variables correspond to Global Findex variable fin29b_t_a.","","","","","","","","","Global Financial Inclusion (Global Findex) Database, World Bank","","","","","","",
"GFDD.AI.25","Access","ATMs per 100,000 adults","Number of ATMs per 100,000 adults.","For each country calculated as: 100,000*Number of ATMs/adult population in the reporting country.","","","","","","","","","Financial Access Survey (FAS), International Monetary Fund (IMF)","","","","","","",
"GFDD.AI.26","Access","No deposit and no withdrawal from an account in the past year (% age 15+)","The percentage of respondents who did not make deposits or withdrawals from a financial institution account in the past year.","The percentage of respondents who did not make deposits or withdrawals from a financial institution account in the past year. The values correspond to Global Findex variable fin9_t_d1.","","","","","","","","","Global Financial Inclusion (Global Findex) Database, World Bank","","","","","","",
"GFDD.AI.27","Access","Firms with a checking or savings account (%)","Percentage of firms with a checking or savings account.","Percentage of firms with a checking or savings account.","","","","","","","","","Enterprise Surveys, World Bank","","","","","","",
"GFDD.AI.28","Access","Firms using banks to finance investments (%)","Percentage of firms using banks to finance purchases of fixed assets.","Percentage of firms using banks to finance purchases of fixed assets.","","","","","","","","","Enterprise Surveys, World Bank","","","","","","",
"GFDD.AI.29","Access","Firms using banks to finance working capital (%)","Percentage of firms using bank loans to finance working capital.","Percentage of firms using bank loans to finance working capital.","","","","","","","","","Enterprise Surveys, World Bank","","","","","","",
"GFDD.AI.30","Access","Loans requiring collateral (%)","Percentage of loans where a formal financial institution requires collateral in order to provide the financing.","Percentage of loans where a formal financial institution requires collateral in order to provide the financing.","","","","","","","","","Enterprise Surveys, World Bank","","","","","","",
"GFDD.AI.31","Access","Value of collateral needed for a loan (% of the loan amount)","Value of collateral needed by a formal financial institution for a loan or line of credit as a percentage of the loan value or the value of the line of credit.","Value of collateral needed by a formal financial institution for a loan or line of credit as a percentage of the loan value or the value of the line of credit.","","","","","","","","","Enterprise Surveys, World Bank","","","","","","",
"GFDD.AI.32","Access","Firms not needing a loan (%)","Percent of firms that did not apply for a loan in the last fiscal year because they did not need a loan. The denominator is the sum of all firms who applied and did not apply for a loan. The numerator is the number of firms who did not apply for a loan and also stated that they did not need a loan.","Percent of firms that did not apply for a loan in the last fiscal year because they did not need a loan. The denominator is the sum of all firms who applied and did not apply for a loan. The numerator is the number of firms who did not apply for a loan and also stated that they did not need a loan.","","","","","","","","","Enterprise Surveys, World Bank","","","","","","",
"GFDD.AI.33","Access","Firms whose recent loan application was rejected (%)","Percent of firms whose most recent loan application was rejected by a formal financial institution.","Percent of firms whose most recent loan application was rejected by a formal financial institution.","","","","","","","","","Enterprise Surveys, World Bank","","","","","","",
"GFDD.AI.34","Access","Investments financed by banks (%)","Estimated proportion of purchases of fixed assets that was financed from bank loans.","Estimated proportion of purchases of fixed assets that was financed from bank loans.","","","","","","","","","Enterprise Surveys, World Bank","","","","","","",
"GFDD.AI.35","Access","Working capital financed by banks (%)","Proportion of the working capital that was financed by bank loans.","Proportion of the working capital that was financed by bank loans.","","","","","","","","","Enterprise Surveys, World Bank","","","","","","",
"GFDD.AI.36","Access","Firms identifying access to finance as a major constraint (%)","Percentage of firms identifying access/cost of finance as a ""major"" or ""very severe"" obstacle.","Percentage of firms identifying access/cost of finance as a ""major"" or ""very severe"" obstacle.","","","","","","","","","Enterprise Surveys, World Bank","","","","","","",
"GFDD.AM.01","Access","Value traded excluding top 10 traded companies to total value traded (%)","Value of all traded shares outside of the largest ten traded companies as a share of total value of all traded shares in a stock market exchange.","Value of all traded shares outside of the top ten largest traded companies as a share of total value of all traded shares in a stock market exchange. WFE provides data on the exchange level. This variable is aggregated up to the country level by taking a simple average over exchanges.","","","","","","","","","World Federation of Exchanges","","","","","","",
"GFDD.AM.02","Access","Market capitalization excluding top 10 companies to total market capitalization (%)","Value of listed shares outside of the largest ten largest companies to total value of all listed shares.","Value of listed shares outside of the top ten largest companies to total value of all listed shares.","","","","","","","","","World Federation of Exchanges","","","","","","",
"GFDD.AM.03","Access","Nonfinancial corporate bonds to total bonds and notes outstanding (%)","Total amount of domestic nonfinancial corporate bonds and notes outstanding to total amount of domestic bonds and notes outstanding, both corporate and noncorporate.","Total amount of domestic nonfinancial corporate bonds and notes outstanding to total amount of domestic bonds and notes outstanding, both corporate and noncorporate. BIS DSS Table C1 (domestic debt amount: nonfinancial corporates) / (domestic debt amount: all issuers).","","","","","","","","","Debt Securities Statistics (DSS), Bank for International Settlements (BIS)","","","","","","",
"GFDD.DI.01","Depth","Private credit by deposit money banks to GDP (%)","The financial resources provided to the private sector by domestic money banks as a share of GDP. Domestic money banks comprise commercial banks and other financial institutions that accept transferable deposits, such as demand deposits.","Private credit by deposit money banks and other financial institutions to GDP. Raw data are from the electronic version of the IMF’s International Financial Statistics. Private credit by deposit money banks (IFS line 22d and FOSAOP); GDP in local currency (IFS line NGDP).","","","","","","","","","International Financial Statistics (IFS), International Monetary Fund (IMF)","","","","","","",
"GFDD.DI.02","Depth","Deposit money banks' assets to GDP (%)","Total assets held by deposit money banks as a share of GDP. Assets include claims on domestic real nonfinancial sector which includes central, state and local governments, nonfinancial public enterprises and private sector. Deposit money banks comprise commercial banks and other financial institutions that accept transferable deposits, such as demand deposits.","Claims on domestic real nonfinancial sector by deposit money banks as a share of GDP. Raw data are from the electronic version of the IMF’s International Financial Statistics. Deposit money bank assets (IFS lines 22, a-d, FOSAG, FOSAOG, FOSAON and FOSAOP); GDP in local currency (IFS line NGDP).","","","","","","","","","International Financial Statistics (IFS), International Monetary Fund (IMF)","","","","","","",
"GFDD.DI.03","Depth","Nonbank financial institutions’ assets to GDP (%)","Total assets held by financial institutions that do not accept transferable deposits but that perform financial intermediation by accepting other types of deposits or by issuing securities or other liabilities that are close substitutes for deposits as a share of GDP. It covers institutions such as saving and mortgage loan institutions, post-office savings institution, building and loan associations, finance companies that accept deposits or deposit substitutes, development banks, and offshore banking institutions.  Assets include claims on domestic real nonfinancial sector such as central-, state- and local government, nonfinancial public enterprises and private sector.","Claims on domestic real nonfinancial sector by other financial institutions as a share of GDP. Raw data are from the electronic version of the IMF’s International Financial Statistics. Nonbank financial institutions assets (IFS lines 42, a-d, FFSAG, FFSAOG, FFSAON, FFSAP and FFSAP); GDP in local currency (IFS line NGDP).","","","","","","","","","International Financial Statistics (IFS), International Monetary Fund (IMF)","","","","","","",
"GFDD.DI.04","Depth","Deposit money bank assets to deposit money bank assets and central bank assets (%)","Total assets held by deposit money banks as a share of sum of deposit money bank and Central Bank claims on domestic nonfinancial real sector. Assets include claims on domestic real nonfinancial sector which includes central, state and local governments, nonfinancial public enterprises and private sector. Deposit money banks comprise commercial banks and other financial institutions that accept transferable deposits, such as demand deposits.","Raw data are from the electronic version of the IMF's International Financial Statistics (IFS lines 12 and 22, a-d, FASAG, FASAOS, FASAON, FASAOP, FOSAG, FOSAOG, FOSAON and FOSAOP).","","","","","","","","","International Financial Statistics (IFS), International Monetary Fund (IMF)","","","","","","",
"GFDD.DI.05","Depth","Liquid liabilities to GDP (%)","Ratio of liquid liabilities to GDP. Liquid liabilities are also known as broad money, or M3. They are the sum of currency and deposits in the central bank (M0), plus transferable deposits and electronic currency (M1), plus time and savings deposits, foreign currency transferable deposits, certificates of deposit, and securities repurchase agreements (M2), plus travelers checks, foreign currency time deposits, commercial paper, and shares of mutual funds or market funds held by residents.","Ratio of liquid liabilities to GDP. Raw data are from the electronic version of the IMF's International Financial Statistics. Liquid liabilities (IFS lines 55L, FFCD or, if not available, line 35L, FDSB); GDP in local currency (IFS line NGDP). For Eurocurrency area countries liquid liabilities are estimated by summing IFS items 34a, 34b and 35, or alternatively FDSBC, FDSBT, and FDSBO.","","","","","","","","","International Financial Statistics (IFS), International Monetary Fund (IMF)","","","","","","",
"GFDD.DI.06","Depth","Central bank assets to GDP (%)","Ratio of central bank assets to GDP. Central bank assets are claims on domestic real nonfinancial sector by the Central Bank.","Claims on domestic real nonfinancial sector by the Central Bank as a share of GDP. Raw data are from the electronic version of the IMF's International Financial Statistics. Central Bank claims (IFS lines 12, a-d, FASAG, FASAOS, FASAON and FASAOP); GDP in local currency (IFS line NGDP).","","","","","","","","","International Financial Statistics (IFS), International Monetary Fund (IMF)","","","","","","",
"GFDD.DI.07","Depth","Mutual fund assets to GDP (%)","Ratio of assets of mutual funds to GDP. A mutual fund is a type of managed collective investment scheme that pools money from many investors to purchase securities.","Data taken from a variety of sources such as Investment Company Institute and national sources. Due to differences in sources these data are not strictly comparable across countries.","","","","","","","","","Nonbanking financial database, World Bank","","","","","","",
"GFDD.DI.08","Depth","Financial system deposits to GDP (%)","Demand, time and saving deposits in deposit money banks and other financial institutions as a share of GDP.","Demand, time and saving deposits in deposit money banks and other financial institutions as a share of GDP. Raw data are from the electronic version of the IMF’s International Financial Statistics. Financial system deposits (IFS lines 24, 25, 44, 45, FOST and FOSD); GDP in local currency (IFS line NGDP).","","","","","","","","","International Financial Statistics (IFS), International Monetary Fund (IMF)","","","","","","",
"GFDD.DI.09","Depth","Life insurance premium volume to GDP (%)","Ratio of life insurance premium volume to GDP. Premium volume is the insurer's direct premiums earned (if Property/Casualty) or received (if Life/Health) during the previous calendar year.","Premium data is taken from various issues of Sigma reports (Swiss Re). Data on GDP in US dollars is from the electronic version of the World Development Indicators.","","","","","","","","","Sigma Reports, Swiss Re","","","","","","",
"GFDD.DI.10","Depth","Nonlife insurance premium volume to GDP (%)","Ratio of nonlife insurance premium volume to GDP. Premium volume is the insurer's direct premiums earned (if Property/Casualty) or received (if Life/Health) during the previous calendar year.","Premium data is taken from various issues of Sigma reports (Swiss Re). Data on GDP in US dollars is from the electronic version of the World Development Indicators.","","","","","","","","","Sigma Reports, Swiss Re","","","","","","",
"GFDD.DI.11","Depth","Insurance company assets to GDP (%)","Ratio of assets of insurance companies to GDP.","Data taken from a variety of sources such as AXCO and national sources.","","","","","","","","","Nonbanking financial database, World Bank","","","","","","",
"GFDD.DI.12","Depth","Private credit by deposit money banks and other financial institutions to GDP (%)","Private credit by deposit money banks and other financial institutions to GDP.","Private credit by deposit money banks and other financial institutions to GDP. Private credit by deposit money banks and other financial institutions (IFS lines 22d, 42d, FOSAOP and FFSAP); GDP in local currency (IFS line NGDP).","","","","","","","","","International Financial Statistics (IFS), International Monetary Fund (IMF)","","","","","","",
"GFDD.DI.13","Depth","Pension fund assets to GDP (%)","Ratio of assets of pension funds to GDP. A pension fund is any plan, fund, or scheme that provides retirement income.","Ratio of assets of pension funds to GDP. A pension fund is any plan, fund, or scheme that provides retirement income. Data taken from a variety of sources such as OECD, AIOS, FIAP and national sources.","","","","","","","","","Nonbanking financial database, World Bank","","","","","","",
"GFDD.DI.14","Depth","Domestic credit to private sector (% of GDP)","Domestic credit to private sector refers to financial resources provided to the private sector.","Domestic credit to private sector refers to financial resources provided to the private sector, such as through loans, purchases of nonequity securities, and trade credits and other accounts receivable, that establish a claim for repayment. For some countries these claims include credit to public enterprises.","","","","","","","","","World Development Indicators (WDI), World Bank","","","","","","",
"GFDD.DM.01","Depth","Stock market capitalization to GDP (%)","Total value of all listed shares in a stock market as a percentage of GDP.","Total value of all listed shares in a stock market as a percentage of GDP.","","","","","","","","","World Federation of Exchanges; Global Stock Markets Factbook and supplemental S&P data, Standard & Poor's","","","","","","",
"GFDD.DM.02","Depth","Stock market total value traded to GDP (%)","Total value of all traded shares in a stock market exchange as a percentage of GDP.","Total value of all traded shares in a stock market exchange as a percentage of GDP.","","","","","","","","","World Federation of Exchanges; Global Stock Markets Factbook and supplemental S&P data, Standard & Poor's","","","","","","",
"GFDD.DM.03","Depth","Outstanding domestic private debt securities to GDP (%)","Total amount of domestic private debt securities (amount outstanding) issued in domestic markets as a share of GDP. It covers data on long-term bonds and notes, commercial paper and other short-term notes.","Total amount of domestic private debt securities (amounts outstanding) issued in domestic markets as a share of GDP. It covers data on long-term bonds and notes, commercial paper and other short-term notes. BIS DSS Table C1 (domestic debt amount: all issuers) - (domestic debt amount: governments) / GDP. End of year data (i.e. December data) are considered for debt securities. GDP is from World Development Indicators.","","","","","","","","","Debt Securities Statistics (DSS), Bank for International Settlements (BIS)","","","","","","",
"GFDD.DM.04","Depth","Outstanding domestic public debt securities to GDP (%)","Total amount of domestic public debt securities (amount outstanding) issued in domestic markets as a share of GDP. It covers long-term bonds and notes, treasury bills, commercial paper and other short-term notes.","Total amount of domestic public debt securities (amounts outstanding) issued in domestic markets as a share of GDP. It covers long-term bonds and notes, treasury bills, commercial paper and other short-term notes. BIS DSS Table C1 (domestic debt amount: governments) / GDP. End of year data (i.e. December data) are considered for debt securities. GDP is from World Development Indicators.","","","","","","","","","Debt Securities Statistics (DSS), Bank for International Settlements (BIS)","","","","","","",
"GFDD.DM.05","Depth","Outstanding international private debt securities to GDP (%)","Amount of private international debt securities (amount outstanding), as a share of GDP. It covers long-term bonds and notes and money market instruments placed on international markets.","Amount of private international debt securities (amounts outstanding), as a share of GDP. It covers long-term bonds and notes and money market instruments placed on international markets. BIS DSS Table C1 (international debt amount: all issuers) - (international debt amount: governments) / GDP. End of year data (i.e. December data) are considered for debt securities. GDP is from World Development Indicators.","","","","","","","","","Debt Securities Statistics (DSS), Bank for International Settlements (BIS)","","","","","","",
"GFDD.DM.06","Depth","Outstanding international public debt securities to GDP (%)","Amount of public international debt securities (amount outstanding), as a share of GDP. It covers long-term bonds and notes and money market instruments placed on international markets.","Amount of public international debt securities (amounts outstanding), as a share of GDP. It covers long-term bonds and notes and money market instruments placed on international markets. BIS DSS Table C1 (international debt amount: governments) / GDP. End of year data (i.e. December data) are considered for debt securities. GDP is from World Development Indicators.","","","","","","","","","Debt Securities Statistics (DSS), Bank for International Settlements (BIS)","","","","","","",
"GFDD.DM.07","Depth","Outstanding total international debt securities / GDP (%)","Amount of international debt securities (amount outstanding), as a share of GDP. It covers long-term bonds and notes and money market instruments placed on international markets.","Amount of international debt securities (amounts outstanding), as a share of GDP. It covers long-term bonds and notes and money market instruments placed on international markets. BIS DSS Table C1 (international debt amount: all issuers) / GDP. End of year data (i.e. December data) are considered for debt securities. GDP is from World Development Indicators.","","","","","","","","","Debt Securities Statistics (DSS), Bank for International Settlements (BIS)","","","","","","",
"GFDD.DM.08","Depth","Gross Portfolio Equity & Investment Fund Shares Liabilities / GDP","Ratio of gross portfolio equity and investment fund shares liabilities to GDP. Equity liabilities include shares, stocks, participation, and similar documents (such as American depository receipts) that usually denote ownership of equity.","Ratio of gross portfolio equity liabilities to GDP. Equity liabilities include shares, stocks, participation, and comparable documents (such as American depository receipts) that usually denote ownership of equity. Raw data are from the electronic version of the IMF's International Financial Statistics. IFS line 8BALAZF / GDP. Local currency GDP from IFS was converted to USD. The exchange rate is from World Development Indicators.","","","","","","","","","International Financial Statistics (IFS), International Monetary Fund (IMF)","","","","","","",
"GFDD.DM.09","Depth","Gross Portfolio Equity & Investment Fund Shares Assets / GDP","Ratio of gross portfolio equity and investment fund shares assets to GDP. Equity assets include shares, stocks, participation, and similar documents (such as American depository receipts) that usually denote ownership of equity.","Ratio of gross portfolio equity assets to GDP. Equity assets include shares, stocks, participation, and comparable documents (such as American depository receipts) that usually denote ownership of equity. Raw data are from the electronic version of the IMF's International Financial Statistics. IFS line 8BAAAZF / GDP. Local currency GDP from IFS was converted to USD. The exchange rate is from World Development Indicators.","","","","","","","","","International Financial Statistics (IFS), International Monetary Fund (IMF)","","","","","","",
"GFDD.DM.10","Depth","Gross portfolio debt liabilities to GDP (%)","Ratio of gross portfolio debt liabilities to GDP. Debt liabilities cover (1) bonds, debentures, notes, etc., and (2) money market or negotiable debt instruments.","Ratio of gross portfolio debt liabilities to GDP. Debt liabilities cover (1) bonds, debentures, notes, etc., and (2) money market or negotiable debt instruments. Raw data are from the electronic version of the IMF's International Financial Statistics. IFS line 8BBLAZF / GDP. Local currency GDP is from IFS (line 99B..ZF or, if not available, line 99B.CZF). GDP is from World Development Indicators.","","","","","","","","","International Financial Statistics (IFS), International Monetary Fund (IMF)","","","","","","",
"GFDD.DM.11","Depth","Gross portfolio debt assets to GDP (%)","Ratio of gross portfolio debt assets to GDP.","Ratio of gross portfolio debt assets to GDP. Debt assets cover (1) bonds, debentures, notes, etc., and (2) money market or negotiable debt instruments. Raw data are from the electronic version of the IMF's International Financial Statistics. IFS line 8BBAAZF / GDP Local currency GDP is from IFS.  The exchange rate is from IMF International Financial Statistics.","","","","","","","","","International Financial Statistics (IFS), International Monetary Fund (IMF)","","","","","","",
"GFDD.DM.12","Depth","Syndicated loan issuance volume to GDP (%)","Ratio of new syndicated borrowing volume by private entities in industries other than finance, holding companies and insurance to GDP.","Total volume of newly issued syndicated loans by private entities in industries other than finance, holding companies and insurance, divided by GDP in current USD. GDP is from World Development Indicators.","","","","","","","","","Loan Analytics Database, Dealogic; World Bank Global Syndicated Loans and Bonds Database (FinDebt)","","","","","","",
"GFDD.DM.13","Depth","Corporate bond issuance volume to GDP (%)","Ratio of new corporate bond issuance volume by private entities in industries other than finance, holding companies and insurance to GDP.","Total volume of newly issued corporate bonds by private entities in industries other than finance, holding companies and insurance, divided by GDP in current USD. GDP is from World Development Indicators.","","","","","","","","","Debt Capital Market Database, Dealogic; World Bank Global Syndicated Loans and Bonds Database (FinDebt)","","","","","","",
"GFDD.DM.14","Depth","Syndicated loan average maturity (years)","Volume weighted average maturity of new syndicated borrowing by private entities in industries other than finance, holding companies and insurance in years.","Duration of loans weighted by deal volume. Average maturities are constructed in two steps: i) the maturity of each tranche is weighted by the value of the tranche to estimate the deal level weighted-average maturity, ii) deal-level weighted average maturities are weighted again by the total value of the deal to aggregate to the country-year level.","","","","","","","","","Loan Analytics Database, Dealogic; World Bank Global Syndicated Loans and Bonds Database (FinDebt)","","","","","","",
"GFDD.DM.15","Depth","Corporate bond average maturity (years)","Volume weighted average maturity of new corporate bond issuance by private entities in industries other than finance, holding companies and insurance in years.","Duration of bonds weighted by deal volume. Average maturities are constructed in two steps: i) the maturity of each tranche is weighted by the value of the tranche to estimate the deal level weighted-average maturity, ii) deal-level weighted average maturities are weighted again by the total value of the bond to aggregate to the country-year level.","","","","","","","","","Debt Capital Market Database, Dealogic; World Bank Global Syndicated Loans and Bonds Database (FinDebt)","","","","","","",
"GFDD.DM.16","Depth","Credit flows by fintech and bigtech companies to GDP (%)","New lending provided by fintech and big tech companies over a calendar year, normalized by nominal GDP.","New lending provided by fintech and big tech companies over a calendar year, normalized by nominal GDP. Fintech lending were originally built around decentralised platforms where individual lenders choose borrowers or projects to lend to in a market framework. Some platforms have moved to fund loans from institutional investors rather than only individuals, and many use increasingly sophisticated credit models. The core business of fintech credit platforms remains financial services. Big tech firms, in contrast, have a range of business lines, of which lending represents only one part, while their core business activity is typically of a non-financial nature. These firms have an existing user base, which facilitates the process of onboarding borrowers.","","","","","","","","","CORNELLI, G., FROST, J., GAMBACORTA, L., RAU, R., WARDROP, R., and Ziegler, T. (2020) ""Fintech and Big Tech Credit: A New Database."" BIS Working Papers No. 887.","","","","","","",
"GFDD.EI.01","Efficiency","Bank net interest margin (%)","Accounting value of bank's net interest revenue as a share of its average interest-bearing (total earning) assets.","Accounting value of bank's net interest revenue as a share of its average interest-bearing (total earning) assets. Raw data are from Bankscope and Orbis. The formula applied to Bankscope is data2080[t] / ((data2010[t] + data2010[t-1])/2) and a comparable approach is applied to Orbis. Numerator and denominator are aggregated on the country level before division. Note that banks used in the calculation might differ between indicators. Calculated from underlying bank-by-bank unconsolidated data from Bankscope and Orbis. The result is not reported if a country-year has less than 3 bank-level observations.","","","","","","","","","Bankscope (2000-14) and Orbis (2015-21), Bureau van Dijk (BvD)","","","","","","",
"GFDD.EI.02","Efficiency","Bank lending-deposit spread","Difference between lending rate and deposit rate. Lending rate is the rate charged by banks on loans to the private sector and deposit interest rate is the rate offered by commercial banks on three-month deposits.","Raw data are from the electronic version of the IMF’s International Financial Statistics. Difference between lending rate and deposit rate. Lending rate is the rate charged by banks on loans to the private sector and deposit interest rate is the rate offered by commercial banks on three-month deposits. IFS line 60P - line 60L.","","","","","","","","","International Financial Statistics (IFS), International Monetary Fund (IMF)","","","","","","",
"GFDD.EI.03","Efficiency","Bank noninterest income to total income (%)","Bank’s income that has been generated by noninterest related activities as a percentage of total income (net-interest income plus noninterest income). Noninterest related income includes net gains on trading and derivatives, net gains on other securities, net fees and commissions and other operating income.","Bank’s income that has been generated by noninterest related activities as a percentage of total income (net-interest income plus noninterest income). Noninterest related income includes net gains on trading and derivatives, net gains on other securities, net fees and commissions and other operating income. Raw data are from Bankscope and Orbis. The formula applied to Bankscope is data2085 / (data2080 + data2085) and a comparable approach is applied to Orbis. Number is only calculated when net-interest income is not negative. Note that banks used in the calculation might differ between indicators. Calculated from underlying bank-by-bank unconsolidated data from Bankscope and Orbis. The result is not reported if a country-year has less than 3 bank-level observations.","","","","","","","","","Bankscope (2000-14) and Orbis (2015-21), Bureau van Dijk (BvD)","","","","","","",
"GFDD.EI.04","Efficiency","Bank overhead costs to total assets (%)","Operating expenses of a bank as a share of the value of all assets held. Total assets include total earning assets, cash and due from banks, foreclosed real estate, fixed assets, goodwill, other intangibles, current tax assets, deferred tax assets, discontinued operations and other assets.","Operating expenses of a bank as a share of the value of all assets held. Total assets include total earning assets, cash and due from banks, foreclosed real estate, fixed assets, goodwill, other intangibles, current tax assets, deferred tax assets, discontinued operations and other assets. Raw data are from Bankscope and Orbis. The formula applied to Bankscope is data2090[t] / ((data2025[t] + data2025[t-1])/2) and a comparable approach is applied to Orbis. Numerator and denominator are first aggregated on the country level before division. Note that banks used in the calculation might differ between indicators. Calculated from underlying bank-by-bank unconsolidated data from Bankscope and Orbis. The result is not reported if a country-year has less than 3 bank-level observations.","","","","","","","","","Bankscope (2000-14) and Orbis (2015-21), Bureau van Dijk (BvD)","","","","","","",
"GFDD.EI.05","Efficiency","Bank return on assets (%, after tax)","Commercial banks’ after-tax net income to yearly averaged total assets.","Commercial banks’ after-tax net income to yearly averaged total assets. Raw data are from Bankscope and Orbis. The formula applied to Bankscope is data2115[t] / ((data2025[t] + data2025[t-1])/2) and a comparable approach is applied to Orbis. Numerator and denominator are first aggregated on the country level before division. Note that banks used in the calculation might differ between indicators. Calculated from underlying bank-by-bank unconsolidated data from Bankscope and Orbis. The result is not reported if a country-year has less than 3 bank-level observations.","","","","","","","","","Bankscope (2000-14) and Orbis (2015-21), Bureau van Dijk (BvD)","","","","","","",
"GFDD.EI.06","Efficiency","Bank return on equity (%, after tax)","Commercial banks’ after-tax net income to yearly averaged equity.","Commercial banks’ after-tax net income to yearly averaged equity. Raw data are from Bankscope and Orbis. The formula applied to Bankscope is data2115[t] / ((data2055[t] + data2055[t-1])/2) and a comparable approach is applied to Orbis. Numerator and denominator are first aggregated on the country level before division. Note that banks used in the calculation might differ between indicators. Calculated from underlying bank-by-bank unconsolidated data from Bankscope and Orbis. The result is not reported if a country-year has less than 3 bank-level observations.","","","","","","","","","Bankscope (2000-14) and Orbis (2015-21), Bureau van Dijk (BvD)","","","","","","",
"GFDD.EI.07","Efficiency","Bank cost to income ratio (%)","Operating expenses of a bank as a share of sum of net-interest revenue and other operating income.","Operating expenses of a bank as a share of sum of net-interest revenue and other operating income. Raw data are from Bankscope and Orbis. The formula applied to Bankscope is data2090 / (data2080 + data2085) and a comparable approach is applied to Orbis. All Numerator and denominator are first aggregated on the country level before division. Note that banks used in the calculation might differ between indicators. Calculated from underlying bank-by-bank unconsolidated data from Bankscope and Orbis. The result is not reported if a country-year has less than 3 bank-level observations.","","","","","","","","","Bankscope (2000-14) and Orbis (2015-21), Bureau van Dijk (BvD)","","","","","","",
"GFDD.EI.08","Efficiency","Credit to government and state owned enterprises to GDP (%)","Ratio between credit by domestic money banks to the government and state-owned enterprises and GDP.","Raw data are from the electronic version of the IMF’s International Financial Statistics. (IFS line 22a + line 22b + line 22c) / GDP. IFS line FOSAG, FOSAOG and FOSAON are used respectively for line 22a, 22b and 22c when unavailable. Local currency GDP is from IFS (line NGDP).","","","","","","","","","International Financial Statistics (IFS), International Monetary Fund (IMF)","","","","","","",
"GFDD.EI.09","Efficiency","Bank return on assets (%, before tax)","Commercial banks’ pre-tax income to yearly averaged total assets.","Commercial banks’ pre-tax income to yearly averaged total assets. Raw data are from Bankscope and Orbis. The formula applied to Bankscope is data10270[t] / ((data2025[t] + data2025[t-1])/2) and a comparable approach is applied to Orbis. Numerator and denominator are first aggregated on the country level before division. Note that banks used in the calculation might differ between indicators. Calculated from underlying bank-by-bank unconsolidated data from Bankscope and Orbis. The result is not reported if a country-year has less than 3 bank-level observations.","","","","","","","","","Bankscope (2000-14) and Orbis (2015-21), Bureau van Dijk (BvD)","","","","","","",
"GFDD.EI.10","Efficiency","Bank return on equity (%, before tax)","Commercial banks’ pre-tax income to yearly averaged equity.","Commercial banks’ pre-tax income to yearly averaged equity. Raw data are from Bankscope and Orbis. The formula applied to Bankscope is data10270[t] / ((data2055[t] + data2055[t-1])/2) and a comparable approach is applied to Orbis. Numerator and denominator are first aggregated on the country level before division. Note that banks used in the calculation might differ between indicators. Calculated from underlying bank-by-bank unconsolidated data from Bankscope and Orbis. The result is not reported if a country-year has less than 3 bank-level observations.","","","","","","","","","Bankscope (2000-14) and Orbis (2015-21), Bureau van Dijk (BvD)","","","","","","",
"GFDD.EM.01","Efficiency","Stock market turnover ratio (%)","Total value of shares traded during the period divided by the average market capitalization for the period.","Total value of shares traded during the period divided by the average market capitalization for the period.","","","","","","","","","World Federation of Exchanges; Global Stock Markets Factbook and supplemental S&P data, Standard & Poor's","","","","","","",
"GFDD.OI.01","Other","Bank concentration (%)","Assets of three largest commercial banks as a share of total commercial banking assets. Total assets include total earning assets, cash and due from banks, foreclosed real estate, fixed assets, goodwill, other intangibles, current tax assets, deferred tax assets, discontinued operations and other assets.","Assets of three largest commercial banks as a share of total commercial banking assets. Total assets include total earning assets, cash and due from banks, foreclosed real estate, fixed assets, goodwill, other intangibles, current tax assets, deferred tax assets, discontinued operations and other assets. Raw data are from Bankscope and Orbis. The formula applied to Bankscope is (sum(data2025) for the three largest banks in Bankscope) / (sum(data2025) for all banks) and a comparable approach is applied to Orbis. Calculated from underlying bank-by-bank unconsolidated data from Bankscope and Orbis.","","","","","","","","","Bankscope (2000-14) and Orbis (2015-21), Bureau van Dijk (BvD)","","","","","","",
"GFDD.OI.02","Other","Bank deposits to GDP (%)","The total value of demand, time and saving deposits at domestic deposit money banks as a share of GDP. Deposit money banks comprise commercial banks and other financial institutions that accept transferable deposits, such as demand deposits.","Demand, time and saving deposits in deposit money banks as a share of GDP. Raw data are from the electronic version of the IMF’s International Financial Statistics. Bank deposits (IFS lines 24, 25, FOST and FOSD); GDP in local currency (IFS line NGDP); end-of period CPI (IFS line PCPI); and average annual CPI is calculated using the monthly CPI values (IFS line PCPI).","","","","","","","","","International Financial Statistics (IFS), International Monetary Fund (IMF)","","","","","","",
"GFDD.OI.06","Other","5-bank asset concentration","Assets of five largest banks as a share of total commercial banking assets. Total assets include total earning assets, cash and due from banks, foreclosed real estate, fixed assets, goodwill, other intangibles, current tax assets, deferred tax, discontinued operations and other assets.","Assets of five largest banks as a share of total commercial banking assets. Total assets include total earning assets, cash and due from banks, foreclosed real estate, fixed assets, goodwill, other intangibles, current tax assets, deferred tax, discontinued operations and other assets. Raw data are from Bankscope and Orbis. The formula applied to Bankscope is (sum(data2025) for the five largest banks in Bankscope) / (sum(data2025) for all banks) and a comparable approach is applied to Orbis. Calculated from underlying bank-by-bank unconsolidated data from Bankscope and Orbis.","","","","","","","","","Bankscope (2000-14) and Orbis (2015-21), Bureau van Dijk (BvD)","","","","","","",
"GFDD.OI.07","Other","Liquid liabilities in millions USD (2010 constant)","Absolute value of liquid liabilities in 2010 (in past versions, 2000) US million dollars. Liquid liabilities are also known as broad money, or M3. They are the sum of currency and deposits in the central bank (M0), plus transferable deposits and electronic currency (M1), plus time and savings deposits, foreign currency transferable deposits, certificates of deposit, and securities repurchase agreements (M2), plus travelers checks, foreign currency time deposits, commercial paper, and shares of mutual funds or market funds held by residents.","Raw data are from the electronic version of the IMF's International Financial Statistics. Liquid liabilities (IFS lines 55L..ZF, FFCD, or, if not available, line 35L..ZF, FDSB); for Eurocurrency area countries, liquid liabilities are estimated by summing IFS items 34A, 34B and 35, or alternatively FDSBC, FDSBT, and FDSBO.","","","","","","","","","International Financial Statistics (IFS), International Monetary Fund (IMF)","","","","","","",
"GFDD.OI.08","Other","Debt securities by offshore investors (net issuances) to GDP (%)","Ratio of net offshore bank loans to GDP. An offshore bank is a bank located outside the country of residence of the depositor, typically in a low tax jurisdiction (or tax haven) that provides financial and legal advantages.","Ratio of net offshore debt securities issuances to GDP. Offshore debt securities issuances data from BIS DSS Table C3 (net Issues): International debt securities - all issuers.","","","","","","","","","Debt Securities Statistics (DSS), Bank for International Settlements (BIS)","","","","","","",
"GFDD.OI.09","Other","Debt securities by offshore investors (amounts outstanding) to GDP (%)","Ratio of outstanding offshore bank loans to GDP. An offshore bank is a bank located outside the country of residence of the depositor, typically in a low tax jurisdiction (or tax haven) that provides financial and legal advantages.","Ratio of outstanding offshore debt securities to GDP. Offshore debt securities from BIS DDS Table C3 (amount outstanding): International debt securities - all issuers.","","","","","","","","","Debt Securities Statistics (DSS), Bank for International Settlements (BIS)","","","","","","",
"GFDD.OI.10","Other","External loans and deposits of reporting banks vis-à-vis the banking sector (% of domestic bank deposits)","Percentage of loans and deposits of reporting banks vis-à-vis the banking sector to the domestic bank deposits.","Data is from BIS LBS Table A6.1: External loans and deposits of reporting banks vis-à-vis the banking sector, on the basis of residence. Bank deposits from IFS (IFS lines 24, 25, FOST and FOSD). End of year data (i.e. December data) are used.","","","","","","","","","Locational Banking Statistics (LBS), Bank for International Settlements (BIS)","","","","","","",
"GFDD.OI.11","Other","External loans and deposits of reporting banks vis-à-vis the nonbanking sectors (% of domestic bank deposits)","Percentage of loans and deposits of reporting banks vis-à-vis the nonbanking sectors to the domestic bank deposits.","Data is from BIS LBS Table A6.1: External loans and deposits of reporting banks vis-à-vis nonbanking sectors, on the basis of residence. Bank deposits from IFS (IFS lines 24, 25, FOST and FOSD). End of year data (i.e. December data) are used.","","","","","","","","","Locational Banking Statistics (LBS), Bank for International Settlements (BIS)","","","","","","",
"GFDD.OI.12","Other","External loans and deposits of reporting banks vis-à-vis all sectors (% of domestic bank deposits)","Percentage of loans and deposits of reporting banks vis-à-vis all sectors to the domestic bank deposits.","Data is from BIS LBS Table A6.1: External loans and deposits of reporting banks vis-à-vis all sectors, on the basis of residence. Bank deposits from IFS (IFS lines 24, 25, FOST and FOSD). End of year data (i.e. December data) are used.","","","","","","","","","Locational Banking Statistics (LBS), Bank for International Settlements (BIS)","","","","","","",
"GFDD.OI.13","Other","Remittance inflows to GDP (%)","Workers' remittances and compensation of employees comprise current transfers by migrant workers and wages and salaries earned by nonresident workers. Data are the sum of three items defined in the fifth edition of the IMF's Balance of Payments Manual: workers' remittances, compensation of employees, and migrants' transfers.","Workers' remittances and compensation of employees comprise current transfers by migrant workers and wages and salaries earned by nonresident workers. Data are the sum of three items defined in the fifth edition of the IMF's Balance of Payments Manual: workers' remittances, compensation of employees, and migrants' transfers. Remittances are classified as current private transfers from migrant workers resident in the host country for more than a year, irrespective of their immigration status, to recipients in their country of origin. Migrants' transfers are defined as the net worth of migrants who are expected to remain in the host country for more than one year that is transferred from one country to another at the time of migration. Compensation of employees is the income of migrants who have lived in the host country for less than a year.","","","","","","","","","World Development Indicators (WDI), World Bank","","","","","","",
"GFDD.OI.14","Other","Consolidated foreign claims of BIS reporting banks to GDP (%)","The ratio of consolidated foreign claims to GDP of the banks that are reporting to BIS. Foreign claims are defined as the sum of cross-border claims plus foreign offices’ local claims in all currencies. In the consolidated banking statistics claims that are granted or extended to nonresidents are referred to as cross-border claims.  In the context of the consolidated banking statistics, local claims refer to claims of domestic banks’ foreign affiliates (branches/subsidiaries) on the residents of the host country (i.e. country of residence of affiliates).","The ratio of consolidated foreign claims to GDP of the banks that are reporting to BIS. Foreign claims are defined as the sum of cross-border claims plus foreign offices’ local claims in all currencies. In the consolidated banking statistics claims that are granted or extended to nonresidents are referred to as cross-border claims. In the context of the consolidated banking statistics, local claims refer to claims of domestic banks’ foreign affiliates (branches/subsidiaries) on the residents of the host country (i.e. country of residence of affiliates). The calculation is based on BIS CBS Table B3: cross-border claims + local claims. End-of-year data (i.e. December data) are considered for banks claims. GDP is from World Development Indicators.","","","","","","","","","Consolidated Banking Statistics (CBS), Bank for International Settlements (BIS)","","","","","","",
"GFDD.OI.15","Other","Foreign banks among total banks (%)","Percentage of the number of foreign owned banks to the number of the total banks in an Economy. A foreign bank is a bank where 50 percent or more of its shares are owned by foreigners.","Percentage of the number of foreign owned banks to the number of the total banks in an Economy. A foreign bank is a bank where 50 percent or more of its shares are owned by foreigners.","","","","","","","","","CLAESSENS, S. and VAN HOREN, N. (2014), ""Foreign Banks: Trends and Impact"", Journal of Money, Credit and Banking, 46: 295–326
CLAESSENS, S. and VAN HOREN, N. (2015), ""The Impact of the Global Financial Crisis on Banking Globalization"", DNB WP No. 459","","","","","","",
"GFDD.OI.16","Other","Foreign bank assets among total bank assets (%)","Percentage of the total banking assets that are held by foreign banks. A foreign bank is a bank where 50 percent or more of its shares are owned by foreigners.","Percentage of the total banking assets that are held by foreign banks. A foreign bank is a bank where 50 percent or more of its shares are owned by foreigners.","","","","","","","","","CLAESSENS, S. and VAN HOREN, N. (2014), ""Foreign Banks: Trends and Impact"", Journal of Money, Credit and Banking, 46: 295–326
CLAESSENS, S. and VAN HOREN, N. (2015), ""The Impact of the Global Financial Crisis on Banking Globalization"", DNB WP No. 459","","","","","","",
"GFDD.OI.16a","Other","Foreign bank assets among total banks assets (%)","Percent of the banking system's assets was in banks that were foreign-controlled (i.e. where foreigners owned 50% or more equity).","Percent of the banking system's assets was in banks that were foreign-controlled (i.e. where foreigners owned 50% or more equity).","","","","","","","","","World Bank Bank Regulation and Supervision Survey","","","","","","",
"GFDD.OI.17","Other","Global leasing volume to GDP (%)","Global leasing volume / GDP.","Ratios calculated by source.","","","","","","","","","White Clarke Global Leasing Report","","","","","","",
"GFDD.OI.18","Other","Total factoring volume to GDP (%)","Total factoring volume / GDP.","GDP data provided by IFS and converted into USD using IFS exchange rates.","","","","","","","","","Factors Chain International","","","","","","",
"GFDD.OI.19","Other","Banking crisis dummy (1=banking crisis, 0=none)","Dummy variable for the presence of banking crisis (1=banking crisis, 0=none)","A banking crisis is defined as systemic if two conditions are met: a. Significant signs of financial distress in the banking system (as indicated bysignificant bank runs, losses in the banking system, and/or bank liquidations), b. Significant banking policy intervention measures in response to significant losses in the banking system. The first year that both criteria are met is considered as the year when the crisis start becoming systemic.  The end of a crisis is defined the year before both real GDP growth and real credit growth are positive for at least two consecutive years.","","","","","","","","","LAEVEN, L. and VALENCIA, F. (2018), “Systemic Banking Crises Revisited”, IMF WP/18/206","","","","","","",
"GFDD.OI.20a","Other","Government bank assets among total bank assets (%)","Percent of the banking system's assets was in banks that were government-controlled (i.e. where government owned 50% or more equity).","Percent of the banking system's assets was in banks that were government-controlled (i.e. where government owned 50% or more equity).","","","","","","","","","World Bank Bank Regulation and Supervision Survey","","","","","","",
"GFDD.OM.01","Other","Number of listed companies per 1,000,000 people","Number of domestically incorporated companies listed on the country's stock exchanges at the end of the year per 1,000,000 people (does not include investment companies, mutual funds, or other collective investment vehicles).","Number of publicly listed companies per 1,000,000 people. Number of listed domestic companies is the domestically incorporated companies listed on the country's stock exchanges at the end of the year. This indicator does not include investment companies, mutual funds, or other collective investment vehicles.","","","","","","","","","World Federation of Exchanges; Global Stock Markets Factbook and supplemental S&P data, Standard & Poor's","","","","","","",
"GFDD.OM.02","Other","Stock market return (%, year-on-year)","Stock market return is the growth rate of annual average stock market index.","Stock market return is the growth rate of annual average stock market index. Annual average stock market index is constructed by taking the average of the daily stock market indexes available at Bloomberg.","","","","","","","","","Bloomberg","","","","","","",
"GFDD.SI.01","Stability","Bank Z-score","It captures the probability of default of a country's commercial banking system. Z-score compares the buffer of a country's commercial banking system (capitalization and returns) with the volatility of those returns.","It captures the probability of default of a country's banking system. Z-score compares the buffer of a country's banking system (capitalization and returns) with the volatility of those returns. It is estimated as (ROA+(equity/assets))/sd(ROA); sd(ROA) is the standard deviation of ROA, calculated for country-years with no less than 5 bank-level observations. ROA, equity, and assets are country-level aggregate figures. Calculated from underlying bank-by-bank unconsolidated data from Bankscope and Orbis. The result is not reported if a country-year has less than 3 bank-level observations.","","","","","","","","","Bankscope (2000-14) and Orbis (2015-21), Bureau van Dijk (BvD)","","","","","","",
"GFDD.SI.02","Stability","Bank nonperforming loans to gross loans (%)","Ratio of defaulting loans (payments of interest and principal past due by 90 days or more) to total gross loans (total value of loan portfolio). The loan amount recorded as nonperforming includes the gross value of the loan as recorded on the balance sheet, not just the amount that is overdue.","Reported by IMF staff. Note that due to differences in national accounting, taxation, and supervisory regimes, these data are not strictly comparable across countries.","","","","","","","","","Financial Soundness Indicators Database (fsi.imf.org), International Monetary Fund (IMF)","","","","","","",
"GFDD.SI.03","Stability","Bank capital to total assets (%)","Ratio of bank capital and reserves to total assets. Capital and reserves include funds contributed by owners, retained earnings, general and special reserves, provisions, and valuation adjustments. Capital includes tier 1 capital (paid-up shares and common stock), which is a common feature in all countries' banking systems, and total regulatory capital, which includes several specified types of subordinated debt instruments that need not be repaid if the funds are required to maintain minimum capital levels (these comprise tier 2 and tier 3 capital). Total assets include all nonfinancial and financial assets.","Ratio of bank capital and reserves to total assets. Capital and reserves include funds contributed by owners, retained earnings, general and special reserves, provisions, and valuation adjustments. Capital includes tier 1 capital (paid-up shares and common stock), which is a common feature in all countries' banking systems, and total regulatory capital, which includes several specified types of subordinated debt instruments that need not be repaid if the funds are required to maintain minimum capital levels (these comprise tier 2 and tier 3 capital). Total assets include all nonfinancial and financial assets. Reported by IMF staff. Note that due to differences in national accounting, taxation, and supervisory regimes, these data are not strictly comparable across countries.","","","","","","","","","Financial Soundness Indicators Database (fsi.imf.org), International Monetary Fund (IMF)","","","","","","",
"GFDD.SI.04","Stability","Bank credit to bank deposits (%)","The financial resources provided to the private sector by domestic money banks as a share of total deposits. Domestic money banks comprise commercial banks and other financial institutions that accept transferable deposits, such as demand deposits. Total deposits include demand, time and saving deposits in deposit money banks.","Raw data are from the electronic version of the IMF’s International Financial Statistics. Private credit by deposit money banks (IFS line 22d and FOSAOP); bank deposits (IFS lines 24, 25, FOST and FOSD).","","","","","","","","","International Financial Statistics (IFS), International Monetary Fund (IMF)","","","","","","",
"GFDD.SI.05","Stability","Bank regulatory capital to risk-weighted assets (%)","The capital adequacy of deposit takers. It is a ratio of total regulatory capital to its assets held, weighted according to risk of those assets.","Reported by IMF staff. Note that due to differences in national accounting, taxation, and supervisory regimes, these data are not strictly comparable across countries.","","","","","","","","","Financial Soundness Indicators Database (fsi.imf.org), International Monetary Fund (IMF)","","","","","","",
"GFDD.SI.06","Stability","Liquid assets to deposits and short term funding (%)","The ratio of the value of liquid assets (easily converted to cash) to short-term funding plus total deposits. Liquid assets include cash and due from banks, trading securities and at fair value through income, loans and advances to banks, reverse repos and cash collaterals. Deposits and short term funding includes total customer deposits (current, savings and term) and short term borrowing (money market instruments, CDs and other deposits).","The ratio of the value of liquid assets (easily converted to cash) to short-term funding plus total deposits. Liquid assets include cash and due from banks, trading securities and at fair value through income, loans and advances to banks, reverse repos and cash collaterals. Deposits and short term funding includes total customer deposits (current, savings and term) and short term borrowing (money market instruments, CDs and other deposits). Raw data are from Bankscope and Orbis. The formula applied to Bankscope is data2075 / data2030 and a comparable approach is applied to Orbis. Numerator and denominator are first aggregated on the country level before division. Calculated from underlying bank-by-bank unconsolidated data from Bankscope and Orbis. The result is not reported if a country-year has less than 3 bank-level observations.","","","","","","","","","Bankscope (2000-14) and Orbis (2015-21), Bureau van Dijk (BvD)","","","","","","",
"GFDD.SI.07","Stability","Provisions to nonperforming loans (%)","Provisions to nonperforming loans. Nonperforming loans are loans for which the contractual payments are delinquent, usually defined as and NPL ratio  being overdue for more than a certain number of days (e.g., usually more than 90 days).","Provisions to nonperforming loans. Nonperforming Loans are loans for which the contractual payments are delinquent, usually defined as and NPL ratio  being overdue for more than a certain number of days (e.g., usually more than 90 days). Reported by IMF staff. Note that due to differences in national accounting, taxation, and supervisory regimes, these data are not strictly comparable across countries.","","","","","","","","","Financial Soundness Indicators Database (fsi.imf.org), International Monetary Fund (IMF)","","","","","","",
"GFDD.SM.01","Stability","Stock price volatility","Stock price volatility is the average of the 360-day volatility of the national stock market index.","Stock price volatility is the average of the 360-day volatility of the national stock market index.","","","","","","","","","Bloomberg","","","","","","",
